window,threshold,pnl
5,0.001,-0.06587964713806937
5,0.005,-0.06587964713806937
5,0.01,-0.06587964713806937
10,0.001,0.0
10,0.005,0.0
10,0.01,0.0
15,0.001,0.0
15,0.005,0.0
15,0.01,0.0
