,alpha1_meanrev,alpha2_momentum,alpha3_single_timeframe,alpha5_multi_timeframe
alpha1_meanrev,1.0,0.3173458484710706,0.20588750147282867,0.4748146593423423
alpha2_momentum,0.3173458484710706,1.0,-0.3837181556381625,0.10045301633931714
alpha3_single_timeframe,0.20588750147282867,-0.3837181556381625,1.0,-0.12490803657797869
alpha5_multi_timeframe,0.4748146593423423,0.10045301633931714,-0.12490803657797869,1.0
