{
  "total_return": -0.0493165161246381,
  "volatility": 0.009765794767622118,
  "sharpe_ratio": -8.016504972631314,
  "max_drawdown": -12.932128922453735
}