window,threshold,cum_pnl
5,0.005,0.026172850644599288
5,0.01,0.026172850644599288
3,0.005,0.008207148802661157
3,0.01,-0.04790757463191597
5,0.02,-0.0496718653870325
3,0.02,-0.10558644363153946
10,0.005,-0.10558644363153946
10,0.01,-0.10558644363153946
10,0.02,-0.10558644363153946
