{
    "total_return": 0.10567140784876808,
    "volatility": 0.010803058066760718,
    "sharpe_ratio": 9.781619907598396,
    "max_drawdown": -0.07282880580250217
}