{
  "alpha1_meanrev": 2.1163626406917047e-16,
  "alpha2_momentum": 0.0,
  "alpha3_single_timeframe": 1.0,
  "alpha5_multi_timeframe": 2.7755575615628914e-16
}