{
  "sharpe_ratio": -7.466005323034588,
  "max_drawdown": 0.0073088324621358005
}