close,signal,pnl
100.0,-1.0,
101.0,-1.0,0.0049019607843137
102.0,-0.5,-0.02
103.0,0.0,-0.0198019801980198
104.0,-0.5,0.0
106.0,0.0,-0.00961538461538455
107.0,-0.5,-0.00462962962962965
108.0,0.5,0.0
109.0,0.5,-0.00934579439252335
111.0,0.5,0.00917431192660545
