is_0,is_1,oos_0,oos_1
1.0,1.0049019607843137,1.0,0.9906542056074767
0.98,0.9850029120559114,0.9953703703703703,0.9997427763011233
0.9848039215686274,0.9850029120559114,,
0.9653028538147932,0.9755317302092201,,
0.9653028538147932,0.9755317302092201,,
0.9560210956050357,0.9710153796063996,,
